{
  "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":
  {
    "mail": "blanchenz_couturesa@hotmail.com",
    "password": "OiUIbuoS3swKZiX"
  },
  "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":
  {
    "mail": "irene_stephensonnwsf@hotmail.com",
    "password": "yxbGfCgNmhCdJ9w"
  },
  "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":
  {
    "mail": "finke.madelaine@hotmail.com",
    "password": "401cllsseAaAaAa"
  },
  "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":
  {
    "mail": "viktoriyadmioot@hotmail.com",
    "password": "id82Ub0r0uwAaAaAa"
  },
  "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":
  {
    "mail": "arianna.gauthre@hotmail.com",
    "password": "24silENtAaAaAa"
  },
  "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":
  {
    "mail": "genier.shantay80@hotmail.com",
    "password": "mmGPc5VTAaAaAa"
  },
  "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":
  {
    "mail": "gail.eacret96@hotmail.com",
    "password": "5ill7UminATe"
  },
  "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":
  {
    "mail": "sefttari78@hotmail.com",
    "password": "268CCEIUS268"
  },
  "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":
  {
    "mail": "harg_reva.90@hotmail.com",
    "password": "619ESOREEAaAaAa"
  },
  "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":
  {
    "mail": "dmitriyzrifroz@hotmail.com",
    "password": "a8sxtQljm2qAaAaAa"
  }
}
