{
	"gray": 
	{
		"background": "background_gray.png", 
		"titletext": [[134, 134, 139], [242, 242, 242]], 
		"maintext": [242, 242, 242], 
		"block": [89, 89, 89]
	},
	"white":
	{
		"background": "background_white.png",
		"titletext": [[166, 166, 166], [242, 242, 242]],
		"maintext": [242, 242, 242],
		"block": [64, 64, 64]
	},
	"blue":
	{
		"background": "background_blue.png",
		"titletext": [[191, 191, 191], [255, 255, 255]],
		"maintext": [242, 242, 242],
		"block": [46, 117, 182]
	},
	"green":
	{
		"background": "background_green.png",
		"titletext": [[191, 191, 191], [255, 255, 255]],
		"maintext": [242, 242, 242],
		"block": [56, 87, 35]
	},
	"yellow":
	{
		"background": "background_yellow.png",
		"titletext": [[191, 191, 191], [255, 255, 255]],
		"maintext": [242, 242, 242],
		"block": [195, 112, 13]
	}
}